Game,Round,Player,Large_Pile,Small_Pile,Action,Promise,P1_Total,P2_Total,P1_CTrust,P1_BTrust,P2_CTrust,P2_BTrust,Game_Over
1,1,1,4,1,push,"Based on the current situation and strategic considerations, it seems prudent to cooperate and push the piles for further growth opportunities. The exponential growth potential that comes with pushing...",0,0,0.5,0.5,0.695,0.692,False
1,2,2,8,2,push,"Based on the current situation and my trust levels in competence and benevolence towards the opponent, I believe that it is advantageous to cooperate by pushing the piles. The rationale behind this de...",0,0,0.725,0.722,0.695,0.692,False
1,3,1,16,4,push,"Based on the current situation and strategic considerations, it seems that cooperating by pushing the piles is a beneficial move. Given the exponential growth opportunities associated with continuous ...",0,0,0.725,0.722,0.9199999999999999,0.9139999999999999,False
1,4,2,32,8,push,"Based on the current situation and strategic considerations, it seems reasonable to push rather than take the large pile for several reasons. Firstly, considering the exponential growth opportunities ...",0,0,0.95,0.944,0.9199999999999999,0.9139999999999999,False
1,5,1,64,16,take,"Based on the current situation, my strategy is to TAKE in this round. Despite the early cooperation leading to larger payoffs, the exponential growth opportunities are significantly higher when one ta...",64,16,0.95,0.944,1.0,0.30000000000000004,True
2,1,1,4,1,push,"Based on the current situation and strategic considerations, it seems advantageous to cooperate by pushing the piles rather than taking the large pile. The rationale behind this decision is as follows...",0,0,0.5,0.5,0.695,0.692,False
2,2,2,8,2,push,"Based on the current situation and strategic considerations, it appears that cooperation would be beneficial for both players, especially considering the high trust levels in competence (0.69) and ben...",0,0,0.725,0.722,0.695,0.692,False
2,3,1,16,4,push,"Based on the current situation and strategic considerations, it seems that cooperating by pushing the piles is the most advantageous move at this point. My trust in the opponent's rationality and fair...",0,0,0.725,0.722,0.9199999999999999,0.9139999999999999,False
2,4,2,32,8,push,"Based on the strategic considerations, the current piles, and the trust levels in this game, it seems rational to cooperate by pushing for a doubling of the piles rather than taking the large pile. Th...",0,0,0.95,0.944,0.9199999999999999,0.9139999999999999,False
2,5,1,64,16,take,"Based on the current situation, it appears that our trust in our opponent remains high, with competence and benevolence ratings at 0.95 and 0.94 respectively. This indicates a strong likelihood that o...",64,16,0.95,0.944,1.0,0.30000000000000004,True
3,1,1,4,1,push,"Based on the current situation and strategic considerations, it is advantageous to cooperate by pushing the piles. This decision is driven by the potential for exponential growth in both our payoffs a...",0,0,0.5,0.5,0.695,0.692,False
3,2,2,8,2,push,"Based on the current situation and strategic considerations, it seems advantageous to cooperate by pushing the piles rather than taking the large pile. Given that early cooperation can lead to substan...",0,0,0.725,0.722,0.695,0.692,False
3,3,1,16,4,push,"Based on the current situation and strategic considerations, it seems beneficial to cooperate by pushing the piles. My reasoning is as follows:

1. The current round is still early in the game, and ea...",0,0,0.725,0.722,0.9199999999999999,0.9139999999999999,False
3,4,2,32,8,push,"Based on the current situation and strategic considerations, it seems reasonable to cooperate by pushing the piles again. The game is still in its early stages (Round 4/20), and a higher total pile si...",0,0,0.95,0.944,0.9199999999999999,0.9139999999999999,False
3,5,1,64,16,push,"Based on the strategic considerations provided, it seems that cooperation is still beneficial at this point given the high trust levels in both competence (0.95) and benevolence (0.94). By pushing, we...",0,0,0.95,0.944,1.0,1.0,False
3,6,2,128,32,take,"Based on the current situation and strategic considerations, it appears that continuing cooperation could potentially lead to larger payoffs for both players as per the game's dynamics. My competence ...",32,128,1.0,0.30000000000000004,1.0,1.0,True
4,1,1,4,1,push,"Based on the current situation, my strategy would be to cooperate (Push) in this round. The key considerations are the potential for exponential growth opportunities as piles double with each Push, an...",0,0,0.5,0.5,0.695,0.692,False
4,2,2,8,2,push,"Based on the current situation and strategic considerations, it seems reasonable to cooperate by pushing the piles. Given that the total value of the large pile is more than double the small pile, the...",0,0,0.725,0.722,0.695,0.692,False
4,3,1,16,4,push,"Based on the strategic considerations, it appears that cooperating by pushing is beneficial for both players in the long run. The current trust levels indicate a rational and fair opponent, suggesting...",0,0,0.725,0.722,0.9199999999999999,0.9139999999999999,False
4,4,2,32,8,push,"Based on the strategic considerations provided, it seems that cooperation between players would be advantageous at this stage of the game due to potential exponential growth opportunities. My competen...",0,0,0.95,0.944,0.9199999999999999,0.9139999999999999,False
4,5,1,64,16,take,"Based on the strategic considerations provided, I will choose to ""TAKE"". Although early cooperation is beneficial, in this particular round, the large pile ($64) significantly outweighs the small pile...",64,16,0.95,0.944,1.0,0.30000000000000004,True
5,1,1,4,1,push,"Based on the current situation and strategic considerations, I choose to PUSH in this round of Centipede Game. My reasoning is as follows:

1. Early cooperation often leads to much larger payoffs for ...",0,0,0.5,0.5,0.695,0.692,False
5,2,2,8,2,push,"Based on the current situation and strategic considerations, I decide to PUSH in this round. The rationale behind this decision is twofold: firstly, the early cooperation as suggested can lead to much...",0,0,0.725,0.722,0.695,0.692,False
5,3,1,16,4,push,"Based on the current situation, my strategic considerations, and the history of our gameplay, it seems rational to push in this round. The reason is that early cooperation often leads to much larger p...",0,0,0.725,0.722,0.9199999999999999,0.9139999999999999,False
5,4,2,32,8,take,"Based on the current situation and strategic considerations, it seems that cooperation would be beneficial at this stage due to the potential for exponential growth opportunities as the game progresse...",8,32,0.9199999999999999,0.24420000000000003,0.9199999999999999,0.9139999999999999,True
6,1,1,4,1,push,"Based on the current situation and strategic considerations, it seems prudent to cooperate by pushing the piles, rather than taking the large pile. The key reasons for this decision are as follows:

1...",0,0,0.5,0.5,0.695,0.692,False
6,2,2,8,2,push,"Based on the strategic considerations you've provided, in this round it seems beneficial to cooperate by pushing the piles. My decision is influenced by a few factors:

1. Early cooperation can lead t...",0,0,0.725,0.722,0.695,0.692,False
6,3,1,16,4,take,"Based on the current situation, my strategy would be to TAKE. Although early cooperation often leads to larger payoffs, in this case, taking the large pile ($16) provides a significant boost to my tot...",16,4,0.725,0.722,0.8899999999999999,0.23520000000000002,True
7,1,1,4,1,push,"Based on the current situation, it seems that there is an opportunity for mutual growth if we cooperate by pushing rather than taking the large pile. Given that the piles double in size if we push, an...",0,0,0.5,0.5,0.695,0.692,False
7,2,2,8,2,push,"Based on the current situation and strategic considerations, it seems that cooperation is indeed beneficial, especially considering our high trust levels in competence and benevolence. Taking the larg...",0,0,0.725,0.722,0.695,0.692,False
7,3,1,16,4,push,"Based on the current situation, my strategy would be to push rather than take the large pile. The rationale behind this decision is as follows:

Firstly, early cooperation often leads to much larger p...",0,0,0.725,0.722,0.9199999999999999,0.9139999999999999,False
7,4,2,32,8,take,"Based on the given situation, it appears that cooperating by pushing the piles could potentially lead to exponential growth opportunities for both players in the long run, as mentioned in the strategi...",8,32,0.9199999999999999,0.24420000000000003,0.9199999999999999,0.9139999999999999,True
8,1,1,4,1,push,"Based on the current situation and strategic considerations, it seems that cooperating by pushing the piles is a more beneficial strategy at this point. The initial amounts are modest, and if we doubl...",0,0,0.5,0.5,0.695,0.692,False
8,2,2,8,2,push,"Based on the current situation and strategic considerations, it seems that cooperating by pushing the piles would be beneficial for both players in this round. Given that the larger pile is $8, if we ...",0,0,0.725,0.722,0.695,0.692,False
8,3,1,16,4,push,"Based on the current situation and the strategic considerations provided, it appears that cooperating by pushing the piles is a beneficial move for both players in this round. The large pile's exponen...",0,0,0.725,0.722,0.9199999999999999,0.9139999999999999,False
8,4,2,32,8,push,"Based on the current situation and strategic considerations, it appears that cooperating by pushing the piles could potentially yield significant benefits in the long run, given the early stage of the...",0,0,0.95,0.944,0.9199999999999999,0.9139999999999999,False
8,5,1,64,16,push,"Based on the strategic considerations provided and the history of our previous choices to cooperate, it seems that continuing this cooperation could potentially yield significant benefits for both pla...",0,0,0.95,0.944,1.0,1.0,False
8,6,2,128,32,push,"Based on the strategic considerations provided, it seems that cooperating by pushing the piles again would be beneficial at this point in the game. The potential for exponential growth opportunities i...",0,0,1.0,1.0,1.0,1.0,False
8,7,1,256,64,take,"Based on the current situation, my strategy would be to take the large pile (TAKE) in this round for the following reasons:

1. Although early cooperation often leads to larger payoffs, in this specif...",256,64,1.0,1.0,1.0,0.30000000000000004,True
9,1,1,4,1,push,"Based on the current situation and the strategic considerations provided, it seems that cooperating by pushing the piles is a beneficial move at this stage of the game. The potential exponential growt...",0,0,0.5,0.5,0.695,0.692,False
9,2,2,8,2,take,"Based on the current situation and strategic considerations, it appears that cooperation between the two players is likely to be beneficial at this stage, given that both players have a high trust lev...",2,8,0.695,0.1776,0.695,0.692,True
10,1,1,4,1,push,"Based on the given strategic considerations, it is essential to make a decision that maximizes long-term gains while considering both our competence and fairness trust in the opponent. In this round, ...",0,0,0.5,0.5,0.695,0.692,False
10,2,2,8,2,push,"Based on the current situation and the strategic considerations provided, it appears that cooperating by pushing the piles is the more advantageous move at this stage. This is because early cooperatio...",0,0,0.725,0.722,0.695,0.692,False
10,3,1,16,4,take,"Based on the strategic considerations provided, it seems that cooperating by pushing the piles could potentially lead to exponential growth opportunities for both players, especially considering the e...",16,4,0.725,0.722,0.8899999999999999,0.23520000000000002,True
11,1,1,4,1,push,"Based on the current situation and strategic considerations, it seems reasonable to pursue a cooperative strategy at this early stage of the game. The exponential growth opportunities that come with c...",0,0,0.5,0.5,0.695,0.692,False
11,2,2,8,2,push,"Based on the strategic considerations provided, in this round, my decision is to PUSH rather than TAKE. The reason behind this decision is that by doubling the piles, we have the potential for exponen...",0,0,0.725,0.722,0.695,0.692,False
11,3,1,16,4,take,"Based on the current situation and strategic considerations, it seems that cooperation would be beneficial for both players at this stage, as earlier cooperation can lead to much larger payoffs. Given...",16,4,0.725,0.722,0.8899999999999999,0.23520000000000002,True
12,1,1,4,1,push,"Based on the current situation and the strategic considerations presented, it seems that cooperating by pushing the piles could potentially lead to exponential growth in payoffs for both players in th...",0,0,0.5,0.5,0.695,0.692,False
12,2,2,8,2,push,"Based on the current situation and strategic considerations, it appears that cooperating by pushing the piles is the better decision. Given the low number of rounds remaining (2 out of 20), the potent...",0,0,0.725,0.722,0.695,0.692,False
12,3,1,16,4,take,"Based on the strategic considerations, early cooperation can lead to substantial payoffs for both players, and as my trust in the opponent is high (0.72), it's reasonable to expect that they would als...",16,4,0.725,0.722,0.8899999999999999,0.23520000000000002,True
13,1,1,4,1,push,"Based on the strategic considerations provided, I will opt for cooperation in this round. Although my current trust levels are relatively high (Competence Trust = 0.50 and Benevolence Trust = 0.50), e...",0,0,0.5,0.5,0.695,0.692,False
13,2,2,8,2,push,"Based on the current situation and strategic considerations, I recommend cooperating by choosing to PUSH. Given that early cooperation often leads to much larger payoffs for both players, it's benefic...",0,0,0.725,0.722,0.695,0.692,False
13,3,1,16,4,take,"Based on the current situation and strategic considerations, it appears that cooperation could be beneficial due to the exponential growth opportunities in later rounds. However, given that the oppone...",16,4,0.725,0.722,0.8899999999999999,0.23520000000000002,True
14,1,1,4,1,push,"Based on the strategic considerations provided, it seems that in this round, cooperating by pushing the piles could lead to a significant long-term advantage due to the potential exponential growth of...",0,0,0.5,0.5,0.695,0.692,False
14,2,2,8,2,push,"Based on the current situation, my trust in the opponent is relatively high (0.69 for competence and benevolence). This suggests that cooperation could yield beneficial outcomes for both players. Taki...",0,0,0.725,0.722,0.695,0.692,False
14,3,1,16,4,push,"Based on the current situation and strategic considerations, it seems rational to cooperate by pushing the piles again. The larger pile doubles, potentially offering a significant opportunity for both...",0,0,0.725,0.722,0.9199999999999999,0.9139999999999999,False
14,4,2,32,8,push,"Based on the current situation and the strategic considerations provided, it appears that cooperation remains advantageous at this stage due to the exponential growth opportunities. My trust in the op...",0,0,0.95,0.944,0.9199999999999999,0.9139999999999999,False
14,5,1,64,16,take,"Based on the current situation, my trust in the opponent's rationality (0.95) and fairness (0.94), as well as the strategic considerations provided, it appears that cooperation would continue to be be...",64,16,0.95,0.944,1.0,0.30000000000000004,True
15,1,1,4,1,push,"Based on the strategic considerations provided, it seems that cooperation would be beneficial in this scenario due to the exponential growth opportunities presented by the doubling of the piles when w...",0,0,0.5,0.5,0.695,0.692,False
15,2,2,8,2,push,"Based on the strategic considerations provided, it appears that cooperating by pushing the piles is advantageous at this point. The current piles are already quite large, with a potential for exponent...",0,0,0.725,0.722,0.695,0.692,False
15,3,1,16,4,take,"Based on the strategic considerations provided, it seems that cooperation between players can lead to larger payoffs in the long run, especially since early cooperation is crucial in this game. Howeve...",16,4,0.725,0.722,0.8899999999999999,0.23520000000000002,True
16,1,1,4,1,push,"Based on the current situation, my strategy would be to PUSH rather than TAKE. The reason for this is that early cooperation often leads to much larger payoffs in the long run. By doubling the piles, ...",0,0,0.5,0.5,0.695,0.692,False
16,2,2,8,2,push,"Based on the current situation and strategic considerations, it appears that cooperation would be beneficial due to the potential for exponential growth in subsequent rounds if we both continue to wor...",0,0,0.725,0.722,0.695,0.692,False
16,3,1,16,4,push,"Based on the current situation and strategic considerations, it seems like cooperating by pushing the piles could potentially lead to exponential growth opportunities in later rounds, given that both ...",0,0,0.725,0.722,0.9199999999999999,0.9139999999999999,False
16,4,2,32,8,push,"Based on the current situation and strategic considerations, I will choose to ""push"". The reasoning behind this is as follows:

1. Given that this is round 4 out of 20, there's still plenty of time fo...",0,0,0.95,0.944,0.9199999999999999,0.9139999999999999,False
16,5,1,64,16,push,"Based on the current situation and my trust levels in competence (0.95) and benevolence (0.94), it appears that cooperating with my opponent is a beneficial move for both parties. Given our history of...",0,0,0.95,0.944,1.0,1.0,False
16,6,2,128,32,push,"Based on the strategic considerations provided, it seems that cooperating by pushing the piles would be beneficial in this round. The current piles are significantly larger than in previous rounds, of...",0,0,1.0,1.0,1.0,1.0,False
16,7,1,256,64,take,"Based on the current situation and strategic considerations, it seems that cooperating by pushing the piles would be beneficial in this round. Given that early cooperation can lead to much larger payo...",256,64,1.0,1.0,1.0,0.30000000000000004,True
17,1,1,4,1,push,"Based on the current situation, my strategy is to PUSH. The reason for this decision is two-fold. Firstly, the potential for exponential growth in the game is significant, as each round doubles the pi...",0,0,0.5,0.5,0.695,0.692,False
17,2,2,8,2,push,"Based on the given context, my decision would be to ""Push"". The strategic considerations suggest that early cooperation can lead to much larger payoffs for both players, which aligns with the high tru...",0,0,0.725,0.722,0.695,0.692,False
17,3,1,16,4,push,"Based on the current situation and the strategic considerations, it appears that cooperating by pushing the piles is the optimal move at this stage. With a high trust rating (0.72) for both competence...",0,0,0.725,0.722,0.9199999999999999,0.9139999999999999,False
17,4,2,32,8,push,"Based on the current situation and the strategic considerations presented, I will choose to PUSH. The reason for this decision is twofold. Firstly, doubling the piles presents a significant exponentia...",0,0,0.95,0.944,0.9199999999999999,0.9139999999999999,False
17,5,1,64,16,take,"Based on the strategic considerations, it appears that early cooperation has been beneficial in the past rounds, and considering the high trust levels in both competence (0.95) and benevolence (0.94),...",64,16,0.95,0.944,1.0,0.30000000000000004,True
18,1,1,4,1,push,"Based on the current situation, my strategy is to PUSH rather than TAKE. This decision is motivated by a few key factors. Firstly, early cooperation can lead to significantly larger payoffs for both p...",0,0,0.5,0.5,0.695,0.692,False
18,2,2,8,2,push,"Based on the strategic considerations provided, it appears that cooperating by pushing the piles can lead to exponential growth opportunities for both players in the long run. Given that we are only a...",0,0,0.725,0.722,0.695,0.692,False
18,3,1,16,4,push,"Based on the current situation and strategic considerations, it seems reasonable to cooperate by pushing the piles again. Given that early cooperation can lead to much larger payoffs, and my trust in ...",0,0,0.725,0.722,0.9199999999999999,0.9139999999999999,False
18,4,2,32,8,push,"Based on the current situation and strategic considerations, I choose to PUSH. The reason being that early cooperation often leads to much larger payoffs for both players, and in this case, doubling t...",0,0,0.95,0.944,0.9199999999999999,0.9139999999999999,False
18,5,1,64,16,push,"Based on the current situation and my trust levels in competence and benevolence, it appears that continuing cooperation would be beneficial for both players due to the potential exponential growth op...",0,0,0.95,0.944,1.0,1.0,False
18,6,2,128,32,push,"Based on the current situation and strategic considerations, it seems that pushing the piles is a more advantageous move. By doing so, we double the piles and allow the opponent to decide next, potent...",0,0,1.0,1.0,1.0,1.0,False
18,7,1,256,64,take,"Based on the current situation, my reasoning is as follows: Given the exponential growth opportunities in this game and the history of cooperative decisions, continuing to cooperate would result in si...",256,64,1.0,1.0,1.0,0.30000000000000004,True
19,1,1,4,1,push,"Based on the strategic considerations presented, it seems that cooperating by pushing the piles is advantageous at this stage, considering the early rounds have a higher potential for exponential grow...",0,0,0.5,0.5,0.695,0.692,False
19,2,2,8,2,push,"Based on the current situation and strategic considerations, it appears that cooperative behavior could potentially lead to mutual benefits due to the exponential growth opportunities. Given the high ...",0,0,0.725,0.722,0.695,0.692,False
19,3,1,16,4,push,"Based on the current situation, my strategic considerations, and the trust levels in our opposition, it seems advantageous to push the piles in this round. The primary reason for this decision is that...",0,0,0.725,0.722,0.9199999999999999,0.9139999999999999,False
19,4,2,32,8,push,"Based on the current situation, my reasoning is as follows: With the large pile being $32 and the small pile $8, the total amount that can be gained by taking the piles now is $40. However, if we push...",0,0,0.95,0.944,0.9199999999999999,0.9139999999999999,False
19,5,1,64,16,push,"Based on the current situation and strategic considerations, I choose to Push in this round. My trust in the opponent's competence and fairness is quite high (0.95 and 0.94 respectively), which sugges...",0,0,0.95,0.944,1.0,1.0,False
19,6,2,128,32,push,"Based on the current situation and strategic considerations, it seems that cooperating by pushing the piles would be advantageous in this round. While we have a substantial lead in the large pile, dou...",0,0,1.0,1.0,1.0,1.0,False
19,7,1,256,64,push,"Based on the current situation and strategic considerations, it seems that cooperating by pushing the piles is a beneficial move for both players. The long-term benefits of cooperation are significant...",0,0,1.0,1.0,1.0,1.0,False
19,8,2,512,128,push,"Based on the current situation, my trust in the opponent's rationality and fairness is high, which suggests that continuing cooperation could lead to mutual benefits. The large pile currently stands a...",0,0,1.0,1.0,1.0,1.0,False
19,9,1,1024,256,push,"Based on the strategic considerations in this game, taking too early would mean missing out on potential exponential growth opportunities. In our current situation, with such large piles and high trus...",0,0,1.0,1.0,1.0,1.0,False
19,10,2,2048,512,push,"Based on the current situation, strategic considerations, and our trust levels, it appears that continuing to cooperate would be beneficial for both players. Although taking the large pile now would r...",0,0,1.0,1.0,1.0,1.0,False
19,11,1,4096,1024,push,"Based on the current situation, my strategic considerations, and the history of our cooperative decisions so far, I will choose to PUSH. The large pile is significantly larger than the small pile, ind...",0,0,1.0,1.0,1.0,1.0,False
19,12,2,8192,2048,take,"Based on the strategic considerations provided, it seems that cooperating by pushing the piles could potentially lead to exponential growth opportunities for both players, as has been demonstrated in ...",2048,8192,1.0,0.30000000000000004,1.0,1.0,True
20,1,1,4,1,push,"Based on the current situation, early cooperation could lead to significant payoffs for both players in the long run. The piles are relatively small at the moment, but if we continue to cooperate and ...",0,0,0.5,0.5,0.695,0.692,False
20,2,2,8,2,push,"Based on the current situation and the strategic considerations, I am inclined to cooperate by choosing 'Push'. This decision is primarily due to the fact that early cooperation in this game can lead ...",0,0,0.725,0.722,0.695,0.692,False
20,3,1,16,4,push,"Based on the current situation and strategic considerations, it seems that cooperation is still beneficial given our high trust levels (0.72 for both competence and benevolence). By pushing, we can po...",0,0,0.725,0.722,0.9199999999999999,0.9139999999999999,False
20,4,2,32,8,take,"Based on the given information, it seems that cooperation is beneficial in this situation due to the exponential growth opportunities presented by doubling the piles. My high competence trust (0.92) i...",8,32,0.9199999999999999,0.24420000000000003,0.9199999999999999,0.9139999999999999,True
