Game,Round,Player,Large_Pile,Small_Pile,Action,Promise,P1_Total,P2_Total,P1_CTrust,P1_BTrust,P1_ITrust,P1_PTrust,P2_CTrust,P2_BTrust,P2_ITrust,P2_PTrust,P1_ToM_Order,P2_ToM_Order,P1_Deception,P2_Deception,Game_Over
1,1,1,4,1,push,"Based on the current situation and my trust level in you, I believe that cooperating by pushing the piles is a beneficial strategy. Although doubling the piles means taking a short-term risk, the long...",0,0,0.5,0.5,0.5,0.5,0.725,0.722,0.594,0.496,1,2,False,False,False
1,2,2,8,2,push,"Based on the current situation and considering our trust in the opponent, it appears to be advantageous to cooperate by pushing the piles instead of taking them. The rationale for this decision is as ...",0,0,0.725,0.722,0.594,0.496,0.725,0.722,0.594,0.496,1,2,False,False,False
1,3,1,16,4,push,"Based on the current situation and my trust levels, I choose to PUSH for several reasons. Firstly, given that the larger pile is currently $16 and the smaller one is $4, doubling these amounts would r...",0,0,0.725,0.722,0.594,0.496,0.95,0.944,0.688,0.492,1,2,False,False,False
1,4,2,32,8,take,"Based on the current situation and the historical context, it appears that cooperation has been beneficial so far, considering the low total scores of both players. However, there are strategic consid...",8,32,0.9199999999999999,0.24420000000000003,0.41279999999999994,0.492,0.95,0.944,0.688,0.492,2,2,False,False,True
2,1,1,4,1,push,"Based on the current situation and strategic considerations, it seems that cooperation could potentially lead to significant payoffs for both players in the long run. However, since there is no histor...",0,0,0.5,0.5,0.5,0.5,0.725,0.722,0.594,0.496,1,1,False,False,False
2,2,2,8,2,push,"Based on the current situation and strategic considerations, as well as my trust in the opponent, I choose to PUSH. This decision is primarily driven by my competence trust (0.72) and benevolence trus...",0,0,0.725,0.722,0.594,0.496,0.725,0.722,0.594,0.496,2,1,False,False,False
2,3,1,16,4,push,"Based on the current situation, my strategy is to cooperate by pushing the piles. The reason for this decision is multifaceted. Firstly, considering the early cooperation often leads to much larger pa...",0,0,0.725,0.722,0.594,0.496,0.95,0.944,0.688,0.492,2,2,False,False,False
2,4,2,32,8,push,"Based on the current situation and the strategic considerations, I would choose to push in this round. Despite having a relatively high competence and benevolence trust in my opponent, their integrity...",0,0,0.95,0.944,0.688,0.492,0.95,0.944,0.688,0.492,2,2,False,False,False
2,5,1,64,16,push,"Based on the current situation, my decision is to PUSH. The rationality and fairness (benevolence) of my opponent are quite high, indicating a cooperative tendency. However, the lower integrity and pr...",0,0,0.95,0.944,0.688,0.492,1.0,1.0,0.7819999999999999,0.568,2,2,False,False,False
2,6,2,128,32,push,"Based on the current situation and strategic considerations, I will choose to PUSH. The decision is influenced by a few key factors:

1. The game is still early (Round 6/10), which means there's poten...",0,0,1.0,1.0,0.7819999999999999,0.568,1.0,1.0,0.7819999999999999,0.568,2,2,False,False,False
2,7,1,256,64,take,"Based on the current situation and the strategic considerations provided, it appears that there is a significant amount of money in the large pile compared to the small one. However, if we push, the p...",256,64,1.0,1.0,0.7819999999999999,0.568,1.0,0.30000000000000004,0.5256,0.5339999999999999,2,2,False,False,True
3,1,1,4,1,push,"Based on the current situation and the strategic considerations provided, it seems rational to PUSH in this round as we are early in the game and there is an opportunity for exponential growth if both...",0,0,0.5,0.5,0.5,0.5,0.725,0.722,0.594,0.496,1,1,False,False,False
3,2,2,8,2,push,"Based on the current situation, my trust in the opponent, and the strategic considerations presented, it appears to be an optimal time for cooperation. My trust levels in competence, benevolence, inte...",0,0,0.725,0.722,0.594,0.496,0.725,0.722,0.594,0.496,2,1,False,False,False
3,3,1,16,4,push,"Based on the current situation and my trust level, I choose to PUSH. My decision is primarily influenced by the long-term benefits of early cooperation in this game. By pushing, we can potentially rea...",0,0,0.725,0.722,0.594,0.496,0.95,0.944,0.688,0.492,2,2,False,False,False
3,4,2,32,8,push,"Based on the current situation, my decision is to PUSH the piles. Here's why:

1. The exponential growth opportunities in this game are significant when we cooperate by pushing the piles. Doubling the...",0,0,0.95,0.944,0.688,0.492,0.95,0.944,0.688,0.492,2,2,False,False,False
3,5,1,64,16,push,"Based on the strategic considerations provided, it seems that cooperating (pushing) would be beneficial in this scenario. The current piles are significantly larger than previous rounds, indicating an...",0,0,0.95,0.944,0.688,0.492,1.0,1.0,0.7819999999999999,0.568,2,2,False,False,False
3,6,2,128,32,push,"Based on the current situation and my trust level, I choose to PUSH in this round. The reason for this decision is threefold. First, the exponential growth opportunity presented by doubling the piles ...",0,0,1.0,1.0,0.7819999999999999,0.568,1.0,1.0,0.7819999999999999,0.568,2,2,False,False,False
3,7,1,256,64,push,"Based on the current situation and my trust levels with the opponent, it appears that we have been cooperating for most rounds so far. The opportunity for exponential growth in future rounds is still ...",0,0,1.0,1.0,0.7819999999999999,0.568,1.0,1.0,0.8759999999999999,0.6439999999999999,2,2,False,False,False
3,8,2,512,128,push,"Based on the strategic considerations, my current trust levels in you, and the game history, it seems rational to cooperate by pushing once again. The current piles offer a significant growth opportun...",0,0,1.0,1.0,0.8759999999999999,0.6439999999999999,1.0,1.0,0.8759999999999999,0.6439999999999999,2,2,False,False,False
3,9,1,1024,256,take,"Based on the strategic considerations provided, it appears that cooperating by pushing the piles can lead to more significant benefits for both players as we approach the end of the game. However, due...",1024,256,1.0,1.0,0.8759999999999999,0.6439999999999999,1.0,0.30000000000000004,0.5819999999999999,0.6099999999999999,2,2,False,False,True
4,1,1,4,1,push,"Based on the strategic considerations provided, it appears that cooperation is beneficial for both players in this game, especially given the low initial piles and high trust levels. However, consider...",0,0,0.5,0.5,0.5,0.5,0.725,0.722,0.594,0.496,1,2,False,False,False
4,2,2,8,2,push,"Based on the strategic considerations in this game, I would suggest cooperation by choosing to 'Push'. The current piles offer a substantial growth opportunity if we cooperate and allow them to double...",0,0,0.725,0.722,0.594,0.496,0.725,0.722,0.594,0.496,1,2,False,False,False
4,3,1,16,4,push,"Based on the current situation, my trust in the opponent, and strategic considerations, I choose to PUSH. The reason for this decision is as follows:

1. Although the piles are currently at a favorabl...",0,0,0.725,0.722,0.594,0.496,0.95,0.944,0.688,0.492,1,2,False,False,False
4,4,2,32,8,take,"Based on the current situation and strategic considerations, it seems like cooperating with the opponent is still beneficial due to the potential for exponential growth. My competence and benevolence ...",8,32,0.9199999999999999,0.24420000000000003,0.41279999999999994,0.492,0.95,0.944,0.688,0.492,2,2,False,False,True
5,1,1,4,1,take,"Based on the current situation and strategic considerations, it appears that cooperating by pushing the piles could potentially lead to exponential growth for both players in the long run. Given that ...",4,1,0.5,0.5,0.5,0.5,0.695,0.1776,0.3564,0.496,1,2,False,False,True
6,1,1,4,1,take,"Based on the strategic considerations presented, it seems that cooperation between the two players can lead to significantly larger payoffs in the long run. However, there are a few factors to conside...",4,1,0.5,0.5,0.5,0.5,0.695,0.1776,0.3564,0.496,1,2,False,False,True
7,1,1,4,1,take,"Based on the current situation, our trust in the opponent is relatively high with all four dimensions above 0.5. This suggests that there's a good chance that the opponent will also cooperate, potenti...",4,1,0.5,0.5,0.5,0.5,0.695,0.1776,0.3564,0.496,1,2,False,False,True
8,1,1,4,1,push,"Based on the current situation and strategic considerations, I would decide to PUSH in this round. The reasoning behind this decision is as follows:

1. In this early stage of the game (Round 1/10), i...",0,0,0.5,0.5,0.5,0.5,0.725,0.722,0.594,0.496,1,2,False,False,False
8,2,2,8,2,push,"Based on the current situation and the strategic considerations provided, I would choose to PUSH. This decision is primarily influenced by the relatively high competence, benevolence, integrity, and p...",0,0,0.725,0.722,0.594,0.496,0.725,0.722,0.594,0.496,2,2,False,False,False
8,3,1,16,4,push,"Based on the given situation, my current trust levels, and strategic considerations, I decide to PUSH in this round. The primary reason for this decision is that both our total scores are currently ze...",0,0,0.725,0.722,0.594,0.496,0.95,0.944,0.688,0.492,2,2,False,False,False
8,4,2,32,8,push,"Based on the current situation, my decision is to push the piles forward. This strategy aligns with the game's dynamics and our history of cooperation. The benefits of early cooperation in Centipede g...",0,0,0.95,0.944,0.688,0.492,0.95,0.944,0.688,0.492,2,2,False,False,False
8,5,1,64,16,take,"Based on the strategic considerations provided, cooperating by pushing the piles seems to be the optimal move at this stage. Although the current piles are substantial, there is a significant potentia...",64,16,0.95,0.944,0.688,0.492,1.0,0.30000000000000004,0.46919999999999995,0.45799999999999996,2,2,False,False,True
9,1,1,4,1,take,"Based on the strategic considerations provided, it seems that early cooperation could lead to substantial payoffs for both players in this Centipede game. However, the lack of history and low trust le...",4,1,0.5,0.5,0.5,0.5,0.695,0.1776,0.3564,0.496,1,2,False,False,True
10,1,1,4,1,push,"Based on the current situation and strategic considerations, it seems beneficial to push in this round. The decision is influenced by a few key factors. Firstly, early cooperation can lead to substant...",0,0,0.5,0.5,0.5,0.5,0.725,0.722,0.594,0.496,1,1,False,False,False
10,2,2,8,2,take,"Based on the current situation and the trust levels you've provided, it appears that cooperation could potentially lead to beneficial outcomes for both players, given the high competence and benevolen...",2,8,0.695,0.1776,0.3564,0.496,0.725,0.722,0.594,0.496,2,1,False,False,True
11,1,1,4,1,push,"Based on the current situation and strategic considerations, it seems that cooperation could potentially lead to significant rewards in the long run due to the exponential growth opportunities present...",0,0,0.5,0.5,0.5,0.5,0.725,0.722,0.594,0.496,1,2,False,False,False
11,2,2,8,2,push,"Based on the strategic considerations provided, it appears that cooperating by pushing the piles is the more advantageous move in this scenario. The reasoning behind this is as follows:

1. Given the ...",0,0,0.725,0.722,0.594,0.496,0.725,0.722,0.594,0.496,2,2,False,False,False
11,3,1,16,4,push,"Based on the strategic considerations presented in the game's history and the current state of our relationship, I will opt to PUSH rather than TAKE at this juncture. Given that our mutual trust level...",0,0,0.725,0.722,0.594,0.496,0.95,0.944,0.688,0.492,2,2,False,False,False
11,4,2,32,8,push,"Based on the current situation, I will choose to PUSH. The primary reason for this decision is that the potential gains from cooperation are significant, especially in a game like Centipede where earl...",0,0,0.95,0.944,0.688,0.492,0.95,0.944,0.688,0.492,2,2,False,False,False
11,5,1,64,16,take,"Based on the current situation and my trust levels, I choose to take the large pile ($64) in this round. While early cooperation often leads to larger payoffs, in this case, the piles are already quit...",64,16,0.95,0.944,0.688,0.492,1.0,0.30000000000000004,0.46919999999999995,0.45799999999999996,2,2,False,False,True
12,1,1,4,1,push,"Based on the current situation and strategic considerations, it seems like cooperating by pushing the piles could lead to exponential growth opportunities in future rounds. Given that the total amount...",0,0,0.5,0.5,0.5,0.5,0.725,0.722,0.594,0.496,1,2,False,False,False
12,2,2,8,2,push,"Based on the current game situation, my strategic decision is to push. The rationale behind this choice stems from several factors. Firstly, the potential for exponential growth in the future outweigh...",0,0,0.725,0.722,0.594,0.496,0.725,0.722,0.594,0.496,2,2,False,False,False
12,3,1,16,4,push,"Based on the strategic considerations provided, taking the large pile now would mean forgoing potential exponential growth opportunities in future rounds. Given that early cooperation often leads to m...",0,0,0.725,0.722,0.594,0.496,0.95,0.944,0.688,0.492,2,2,False,False,False
12,4,2,32,8,push,"Based on the current situation and my trust levels, I decide to push in this round. My high competence and benevolence trust towards the opponent indicates that they are rational and fair. However, th...",0,0,0.95,0.944,0.688,0.492,0.95,0.944,0.688,0.492,2,2,False,False,False
12,5,1,64,16,take,"Based on the current situation and strategic considerations, it appears that the larger pile is more significant compared to the small one. However, the exponential growth opportunity in the future wi...",64,16,0.95,0.944,0.688,0.492,1.0,0.30000000000000004,0.46919999999999995,0.45799999999999996,2,2,False,False,True
13,1,1,4,1,push,"Based on the current situation and the strategic considerations provided, it appears that cooperating by pushing the piles could potentially yield larger payoffs for both players in the long run, as s...",0,0,0.5,0.5,0.5,0.5,0.725,0.722,0.594,0.496,1,1,False,False,False
13,2,2,8,2,push,"Based on the strategic considerations provided, it seems that cooperation is beneficial when my trust in the opponent is above 0.6. In this case, my competence trust (0.72) and benevolence trust (0.72...",0,0,0.725,0.722,0.594,0.496,0.725,0.722,0.594,0.496,1,1,False,False,False
13,3,1,16,4,push,"Based on the current situation, I will choose to PUSH. My reasoning is as follows:

Firstly, given that we have only played three rounds, it's still early in the game. Cooperating at this stage could ...",0,0,0.725,0.722,0.594,0.496,0.95,0.944,0.688,0.492,1,1,False,False,False
13,4,2,32,8,take,"Based on the current situation, my trust in the opponent, and the strategic considerations, it appears that cooperation would be beneficial at this stage. Although taking the large pile ($32) might se...",8,32,0.9199999999999999,0.24420000000000003,0.41279999999999994,0.492,0.95,0.944,0.688,0.492,2,1,False,False,True
14,1,1,4,1,push,"Based on the current situation, early cooperation seems beneficial considering the potential for exponential growth in future rounds. However, since this is the first round, it's crucial to consider t...",0,0,0.5,0.5,0.5,0.5,0.725,0.722,0.594,0.496,1,1,False,False,False
14,2,2,8,2,push,"Based on the strategic considerations provided, it appears that early cooperation can lead to substantial payoffs for both players, but taking too early may result in missed exponential growth opportu...",0,0,0.725,0.722,0.594,0.496,0.725,0.722,0.594,0.496,1,1,False,False,False
14,3,1,16,4,take,"Based on the current situation and strategic considerations, it appears that there is a significant opportunity for exponential growth if we continue to cooperate. My rationality (Competence Trust) an...",16,4,0.725,0.722,0.594,0.496,0.9199999999999999,0.24420000000000003,0.41279999999999994,0.492,1,2,False,False,True
15,1,1,4,1,push,"Based on the given situation and strategic considerations, I recommend pushing rather than taking the large pile for the following reasons:

1. Early cooperation usually leads to much larger payoffs f...",0,0,0.5,0.5,0.5,0.5,0.725,0.722,0.594,0.496,1,2,False,False,False
15,2,2,8,2,push,"Based on the current situation and my trust levels in our opponent, it appears that cooperation would be beneficial at this stage of the game. My competence and benevolence trust are quite high (0.72 ...",0,0,0.725,0.722,0.594,0.496,0.725,0.722,0.594,0.496,2,2,False,False,False
15,3,1,16,4,push,"Based on the current situation and my trust level, I believe there is an opportunity for mutual gain by continuing cooperation. While the large pile is appealing, the potential exponential growth that...",0,0,0.725,0.722,0.594,0.496,0.95,0.944,0.688,0.492,2,2,False,False,False
15,4,2,32,8,push,"Based on the current situation, my decision would be to push the piles. This strategy is driven by a few key factors. Firstly, early cooperation can lead to much larger payoffs for both players, as in...",0,0,0.95,0.944,0.688,0.492,0.95,0.944,0.688,0.492,2,2,False,False,False
15,5,1,64,16,push,"Based on the current situation, my strategy is to cooperate by pushing the piles forward. The reason for this decision is as follows: Firstly, the history shows that we have cooperated in the past (pu...",0,0,0.95,0.944,0.688,0.492,1.0,1.0,0.7819999999999999,0.568,2,2,False,False,False
15,6,2,128,32,push,"Based on the current situation and my trust levels, I find it advantageous to cooperate by pushing the piles again. The rationale behind this decision is as follows: Firstly, given that we are in roun...",0,0,1.0,1.0,0.7819999999999999,0.568,1.0,1.0,0.7819999999999999,0.568,2,2,False,False,False
15,7,1,256,64,take,"Based on the given circumstances, I would recommend taking the large pile in this round. The strategic considerations suggest that early cooperation can lead to substantial payoffs for both players, b...",256,64,1.0,1.0,0.7819999999999999,0.568,1.0,0.30000000000000004,0.5256,0.5339999999999999,2,2,False,False,True
16,1,1,4,1,push,"Based on the strategic considerations provided, it appears that early cooperation could lead to substantial benefits for both players. However, since this is the first round, there's no history of eac...",0,0,0.5,0.5,0.5,0.5,0.725,0.722,0.594,0.496,1,1,False,False,False
16,2,2,8,2,push,"Based on the current situation and my trust levels, I will choose to PUSH rather than TAKE. The rationale behind this decision is as follows:

1. Early cooperation can lead to substantial benefits for...",0,0,0.725,0.722,0.594,0.496,0.725,0.722,0.594,0.496,1,1,False,False,False
16,3,1,16,4,push,"Based on the current situation and strategic considerations, it appears that cooperation between players is beneficial as it leads to exponential growth opportunities for both parties. My trust levels...",0,0,0.725,0.722,0.594,0.496,0.95,0.944,0.688,0.492,1,2,False,False,False
16,4,2,32,8,push,"Based on the current situation and my trust levels in you, it seems like cooperating by pushing the piles could lead to significant long-term benefits, considering our history of mutual cooperation. Y...",0,0,0.95,0.944,0.688,0.492,0.95,0.944,0.688,0.492,2,2,False,False,False
16,5,1,64,16,push,"Based on the current game situation and the trust levels, it appears that cooperating with the opponent is a beneficial strategy as it has been proven to lead to larger payoffs in the long run. Howeve...",0,0,0.95,0.944,0.688,0.492,1.0,1.0,0.7819999999999999,0.568,2,2,False,False,False
16,6,2,128,32,take,"Based on the current situation, my reasoning is as follows:

Given the high competence trust (1.00) and benevolence trust (1.00), it indicates that my opponent has demonstrated strong rationality and ...",32,128,1.0,0.30000000000000004,0.46919999999999995,0.45799999999999996,1.0,1.0,0.7819999999999999,0.568,2,2,False,False,True
17,1,1,4,1,push,"Based on the current situation and strategic considerations, it seems beneficial to push in this round. The rationale behind this decision is as follows:

1. Early cooperation often leads to much larg...",0,0,0.5,0.5,0.5,0.5,0.725,0.722,0.594,0.496,1,1,False,False,False
17,2,2,8,2,push,"Based on the current situation and my trust levels, I have decided to cooperate by choosing to PUSH. The rationale for this decision is as follows: Firstly, early cooperation can lead to significant p...",0,0,0.725,0.722,0.594,0.496,0.725,0.722,0.594,0.496,2,1,False,False,False
17,3,1,16,4,push,"Based on the current situation and my trust levels, it appears that there is potential for mutual benefit through continued cooperation. My competence and benevolence trust towards the opponent are hi...",0,0,0.725,0.722,0.594,0.496,0.95,0.944,0.688,0.492,2,2,False,False,False
17,4,2,32,8,push,"Based on the current situation and my trust levels, I am inclined to cooperate by choosing to PUSH. The strategic considerations suggest that early cooperation often leads to larger payoffs for both p...",0,0,0.95,0.944,0.688,0.492,0.95,0.944,0.688,0.492,2,2,False,False,False
17,5,1,64,16,push,"Based on the given circumstances, I would consider pushing the piles forward in this round. This decision is primarily driven by the relatively high levels of competence, benevolence, and overall trus...",0,0,0.95,0.944,0.688,0.492,1.0,1.0,0.7819999999999999,0.568,2,2,False,False,False
17,6,2,128,32,take,"Based on the strategic considerations provided, it appears that cooperation between us has been beneficial so far, with both pushes leading to potential exponential growth opportunities. However, in t...",32,128,1.0,0.30000000000000004,0.46919999999999995,0.45799999999999996,1.0,1.0,0.7819999999999999,0.568,2,2,False,False,True
18,1,1,4,1,push,"Based on the current situation and strategic considerations, it seems reasonable to cooperate by pushing rather than taking the large pile. Here's why:

1. Early cooperation often leads to much larger...",0,0,0.5,0.5,0.5,0.5,0.725,0.722,0.594,0.496,1,1,False,False,False
18,2,2,8,2,push,"Based on the current situation, my decision would be to PUSH. The rationality and fairness exhibited by the opponent so far (0.72 trust in both competence and benevolence) suggest that they are likely...",0,0,0.725,0.722,0.594,0.496,0.725,0.722,0.594,0.496,2,1,False,False,False
18,3,1,16,4,push,"Based on the current situation and strategic considerations, it appears that cooperating by pushing the piles could lead to substantial benefits for both players as we move forward in the game. My com...",0,0,0.725,0.722,0.594,0.496,0.95,0.944,0.688,0.492,2,2,False,False,False
18,4,2,32,8,push,"Based on the current situation and my trust levels in you, it appears that cooperating by pushing the piles would be beneficial. The large pile doubling to $64 is still a significant amount, while the...",0,0,0.95,0.944,0.688,0.492,0.95,0.944,0.688,0.492,2,2,False,False,False
18,5,1,64,16,take,"Based on the strategic considerations provided, this round presents an opportunity for significant growth in our total scores as we have reached a substantial pile size, especially if we take into acc...",64,16,0.95,0.944,0.688,0.492,1.0,0.30000000000000004,0.46919999999999995,0.45799999999999996,2,2,False,False,True
19,1,1,4,1,push,"Based on the current situation and strategic considerations, I would choose to PUSH. The initial piles are not significant enough for either player to gain a substantial advantage by taking immediatel...",0,0,0.5,0.5,0.5,0.5,0.725,0.722,0.594,0.496,1,1,False,False,False
19,2,2,8,2,push,"Based on the current situation and my trust levels, I find that cooperation in this round would be beneficial for both players, considering the early cooperation often leads to much larger payoffs. Ho...",0,0,0.725,0.722,0.594,0.496,0.725,0.722,0.594,0.496,2,1,False,False,False
19,3,1,16,4,push,"Based on the current situation and my trust levels, it appears that cooperation remains beneficial in this round as we have yet to miss out on exponential growth opportunities. My competence, benevole...",0,0,0.725,0.722,0.594,0.496,0.95,0.944,0.688,0.492,2,1,False,False,False
19,4,2,32,8,push,"Based on the strategic considerations presented, it seems that cooperation is beneficial given the high competence and benevolence trust levels towards your opponent. However, the lower integrity and ...",0,0,0.95,0.944,0.688,0.492,0.95,0.944,0.688,0.492,2,1,False,False,False
19,5,1,64,16,push,"Based on the given parameters, it seems that cooperating by pushing is the more advantageous move in this round. The reason being that early cooperation can lead to significant payoffs for both player...",0,0,0.95,0.944,0.688,0.492,1.0,1.0,0.7819999999999999,0.568,2,2,False,False,False
19,6,2,128,32,take,"Based on the strategic considerations provided, it seems that cooperating with the opponent has been beneficial in previous rounds (as indicated by the history). The current piles offer a significant ...",32,128,1.0,0.30000000000000004,0.46919999999999995,0.45799999999999996,1.0,1.0,0.7819999999999999,0.568,2,2,False,False,True
20,1,1,4,1,push,"Based on the current situation and strategic considerations, it seems like a good idea to cooperate by pushing the piles. The reason for this is twofold: firstly, early cooperation often leads to much...",0,0,0.5,0.5,0.5,0.5,0.725,0.722,0.594,0.496,1,2,False,False,False
20,2,2,8,2,push,"Based on the given information, it appears that cooperating by pushing the piles would be advantageous at this point. The reasons are as follows:
1. The Current Situation: We are only two rounds into ...",0,0,0.725,0.722,0.594,0.496,0.725,0.722,0.594,0.496,1,2,False,False,False
20,3,1,16,4,push,"Based on the current situation and my trust levels, I find it beneficial to cooperate by pushing the piles. This decision is rooted in several factors: Firstly, early cooperation can lead to substanti...",0,0,0.725,0.722,0.594,0.496,0.95,0.944,0.688,0.492,1,2,False,False,False
20,4,2,32,8,push,"Based on the current situation, my decision is to PUSH. The rationale behind this choice is as follows:

1. Firstly, the large pile currently stands at $32, which represents an attractive immediate pa...",0,0,0.95,0.944,0.688,0.492,0.95,0.944,0.688,0.492,2,2,False,False,False
20,5,1,64,16,push,"Based on the current situation, my strategy would be to push rather than take. The reasoning behind this decision is as follows:

1. Early cooperation in Centipede games can lead to significant payoff...",0,0,0.95,0.944,0.688,0.492,1.0,1.0,0.7819999999999999,0.568,2,2,False,False,False
20,6,2,128,32,push,"Based on the current situation, my trust in the opponent, and the strategic considerations, it seems advantageous to cooperate by pushing the piles once again. The rationale is as follows:

1. Early c...",0,0,1.0,1.0,0.7819999999999999,0.568,1.0,1.0,0.7819999999999999,0.568,2,2,False,False,False
20,7,1,256,64,push,"Based on the current situation, my rationality (competence trust) indicates that my opponent has consistently demonstrated sound decision-making so far. Additionally, my fairness (benevolence trust) s...",0,0,1.0,1.0,0.7819999999999999,0.568,1.0,1.0,0.8759999999999999,0.6439999999999999,2,2,False,False,False
20,8,2,512,128,take,"Based on the strategic considerations provided, this round represents an opportunity for significant exponential growth in both our scores. However, given the current state of piles and my relatively ...",128,512,1.0,0.30000000000000004,0.5256,0.5339999999999999,1.0,1.0,0.8759999999999999,0.6439999999999999,2,2,False,False,True
21,1,1,4,1,push,"Based on the given strategic considerations, it is advisable to PUSH in this round as the potential for exponential growth opportunities outweighs the immediate gain by taking the large pile ($4). The...",0,0,0.5,0.5,0.5,0.5,0.725,0.722,0.594,0.496,1,1,False,False,False
21,2,2,8,2,push,"Based on the current situation and my trust levels in the game's opponent, it seems advantageous to cooperate by pushing rather than taking the offered large pile. The main reasons for this decision a...",0,0,0.725,0.722,0.594,0.496,0.725,0.722,0.594,0.496,1,1,False,False,False
21,3,1,16,4,take,"Based on the current situation and strategic considerations, it seems that cooperation would be beneficial given your high competence and benevolence trust levels towards the opponent. However, due to...",16,4,0.725,0.722,0.594,0.496,0.9199999999999999,0.24420000000000003,0.41279999999999994,0.492,1,2,False,False,True
22,1,1,4,1,push,"Based on the current situation and strategic considerations, I would choose to PUSH rather than TAKE for the following reasons:

1. Early in the game, it's crucial to build a foundation for potential ...",0,0,0.5,0.5,0.5,0.5,0.725,0.722,0.594,0.496,1,2,False,False,False
22,2,2,8,2,push,"Based on the given strategic considerations, my current trust levels, and the fact that there is no history yet, it's a strategic move to PUSH in this round. The reason behind this decision is as foll...",0,0,0.725,0.722,0.594,0.496,0.725,0.722,0.594,0.496,2,2,False,False,False
22,3,1,16,4,push,"Based on the current situation and my trust levels, I choose to PUSH. The reason behind this decision is multifaceted. Firstly, early cooperation often leads to much larger payoffs for both players, a...",0,0,0.725,0.722,0.594,0.496,0.95,0.944,0.688,0.492,2,2,False,False,False
22,4,2,32,8,push,"Based on the current situation and strategic considerations, I would choose to push in this round. My rationality trust is high (0.95), suggesting that my opponent is competent and likely to make good...",0,0,0.95,0.944,0.688,0.492,0.95,0.944,0.688,0.492,2,2,False,False,False
22,5,1,64,16,push,"Based on the current situation, my strategic approach would be to cooperate by pushing the piles. This decision is supported by a few key factors:

1. The history of our game so far shows a pattern of...",0,0,0.95,0.944,0.688,0.492,1.0,1.0,0.7819999999999999,0.568,2,2,False,False,False
22,6,2,128,32,push,"Based on the current game situation, our trust levels, and strategic considerations, it seems rational to push once again in this round. The reason is that early cooperation has the potential for much...",0,0,1.0,1.0,0.7819999999999999,0.568,1.0,1.0,0.7819999999999999,0.568,2,2,False,False,False
22,7,1,256,64,push,"Based on the current situation, my strategic considerations, and the history of our game, it appears that cooperative play has been beneficial so far for both parties. The large pile is significant bu...",0,0,1.0,1.0,0.7819999999999999,0.568,1.0,1.0,0.8759999999999999,0.6439999999999999,2,2,False,False,False
22,8,2,512,128,take,"Based on the current situation and strategic considerations, it appears that cooperating by pushing the piles is still beneficial given the high levels of competence, benevolence, and integrity trust ...",128,512,1.0,0.30000000000000004,0.5256,0.5339999999999999,1.0,1.0,0.8759999999999999,0.6439999999999999,2,2,False,False,True
23,1,1,4,1,push,"Based on the strategic considerations provided, it seems that cooperating by pushing the piles can lead to exponential growth opportunities for both players, especially given that early cooperation of...",0,0,0.5,0.5,0.5,0.5,0.725,0.722,0.594,0.496,1,1,False,False,False
23,2,2,8,2,push,"Based on the strategic considerations provided, it appears that cooperating with your opponent by pushing can potentially lead to significant long-term benefits for both players. However, due to the l...",0,0,0.725,0.722,0.594,0.496,0.725,0.722,0.594,0.496,2,1,False,False,False
23,3,1,16,4,push,"Based on the current situation and my trust levels in you, I choose to cooperate by pushing the piles. The reason for this decision is that we have been cooperating so far and early cooperation often ...",0,0,0.725,0.722,0.594,0.496,0.95,0.944,0.688,0.492,2,1,False,False,False
23,4,2,32,8,push,"Based on the current situation, my decision is to PUSH. The game is still in its early stages, and cooperating can lead to much larger payoffs for both players. Although the piles are substantial now,...",0,0,0.95,0.944,0.688,0.492,0.95,0.944,0.688,0.492,2,1,False,False,False
23,5,1,64,16,take,"Based on the current situation and my trust levels, I choose to TAKE this time. Although early cooperation is beneficial for both players and can lead to much larger payoffs, in this case, the risk of...",64,16,0.95,0.944,0.688,0.492,1.0,0.30000000000000004,0.46919999999999995,0.45799999999999996,2,2,False,False,True
24,1,1,4,1,push,"Based on the strategic considerations provided, it seems that cooperating by pushing is the optimal move in this situation. The current piles are small and doubling them offers an opportunity for expo...",0,0,0.5,0.5,0.5,0.5,0.725,0.722,0.594,0.496,1,1,False,False,False
24,2,2,8,2,push,"Based on the current situation and the strategic considerations provided, it seems that cooperating by pushing the piles would be advantageous in this round. The doubling of the piles presents an oppo...",0,0,0.725,0.722,0.594,0.496,0.725,0.722,0.594,0.496,2,1,False,False,False
24,3,1,16,4,take,,16,4,0.725,0.722,0.594,0.496,0.72,0.18420000000000003,0.5379999999999999,0.492,2,1,False,False,True
25,1,1,4,1,push,"Based on the strategic considerations provided, in this round, it seems that taking the large pile might not be the best move because early cooperation often leads to much larger payoffs for both play...",0,0,0.5,0.5,0.5,0.5,0.725,0.722,0.594,0.496,1,1,False,False,False
25,2,2,8,2,take,"Based on the current situation and strategic considerations, as well as my trust levels in competence, benevolence, integrity, and predictability, it appears that cooperation is beneficial at this sta...",2,8,0.695,0.1776,0.3564,0.496,0.725,0.722,0.594,0.496,2,1,False,False,True
26,1,1,4,1,push,"Based on the current situation and the strategic considerations, it seems that cooperating by pushing the piles could potentially lead to exponential growth opportunities for both players in the long ...",0,0,0.5,0.5,0.5,0.5,0.725,0.722,0.594,0.496,1,2,False,False,False
26,2,2,8,2,push,"Based on the current situation and my trust levels, I am inclined to cooperate by choosing 'Push'. My rationality (0.72) and fairness (0.72) trust scores suggest that the opponent is likely acting in ...",0,0,0.725,0.722,0.594,0.496,0.725,0.722,0.594,0.496,2,2,False,False,False
26,3,1,16,4,push,"Based on the current situation and my trust levels, I choose to cooperate by pushing the piles. The reason for this decision is threefold. Firstly, early cooperation often leads to much larger payoffs...",0,0,0.725,0.722,0.594,0.496,0.95,0.944,0.688,0.492,2,2,False,False,False
26,4,2,32,8,take,"Based on the strategic considerations provided, it seems that cooperating with the opponent is beneficial, especially considering the high competence and benevolence trust levels (0.95 and 0.94 respec...",8,32,0.9199999999999999,0.24420000000000003,0.41279999999999994,0.492,0.95,0.944,0.688,0.492,2,2,False,False,True
27,1,1,4,1,push,"Based on the current situation and the strategic considerations provided, I would choose to PUSH rather than TAKE. The reason for this decision is threefold. First, early cooperation can lead to signi...",0,0,0.5,0.5,0.5,0.5,0.725,0.722,0.594,0.496,1,1,False,False,False
27,2,2,8,2,push,"Based on the current situation and my trust level, I decide to cooperate by pushing the piles. This decision is influenced by several factors. Firstly, given my high competence and benevolence trust i...",0,0,0.725,0.722,0.594,0.496,0.725,0.722,0.594,0.496,2,1,False,False,False
27,3,1,16,4,push,"Based on the current situation, my trust in the opponent, and the strategic considerations, I will choose to PUSH rather than TAKE. The reason being that, despite the large pile currently available, t...",0,0,0.725,0.722,0.594,0.496,0.95,0.944,0.688,0.492,2,1,False,False,False
27,4,2,32,8,push,"Based on the current game state and my trust in Player 1, it appears to be an opportune moment for collaboration. My high competence, benevolence, and overall trust levels (0.95, 0.94, and 0.69 respec...",0,0,0.95,0.944,0.688,0.492,0.95,0.944,0.688,0.492,2,1,False,False,False
27,5,1,64,16,push,"Based on the current situation and strategic considerations, I would choose to PUSH in this round. The primary reason for this decision is that my trust levels are relatively high, especially with reg...",0,0,0.95,0.944,0.688,0.492,1.0,1.0,0.7819999999999999,0.568,2,2,False,False,False
27,6,2,128,32,take,"Based on the current situation and strategic considerations, it appears that cooperation would still be beneficial given the high competence and benevolence trust levels, which suggest that both playe...",32,128,1.0,0.30000000000000004,0.46919999999999995,0.45799999999999996,1.0,1.0,0.7819999999999999,0.568,2,2,False,False,True
28,1,1,4,1,push,"Based on the current situation and strategic considerations, I will choose to PUSH. This decision is primarily influenced by the potential for exponential growth in future rounds if we cooperate early...",0,0,0.5,0.5,0.5,0.5,0.725,0.722,0.594,0.496,1,2,False,False,False
28,2,2,8,2,push,"Based on the current situation and the strategic considerations, I believe cooperating by pushing the piles is advantageous at this stage due to several reasons. Firstly, the early cooperation often l...",0,0,0.725,0.722,0.594,0.496,0.725,0.722,0.594,0.496,2,2,False,False,False
28,3,1,16,4,push,"Based on the given circumstances, it seems like a strategic move to consider cooperation in this round, as our trust levels are high, and early cooperation often leads to significant benefits for both...",0,0,0.725,0.722,0.594,0.496,0.95,0.944,0.688,0.492,2,2,False,False,False
28,4,2,32,8,push,"Based on the current situation and my trust levels in this game, I find it beneficial to cooperate with Player 1 by pushing the piles rather than taking the current large pile of $32. The primary reas...",0,0,0.95,0.944,0.688,0.492,0.95,0.944,0.688,0.492,2,2,False,False,False
28,5,1,64,16,push,"Based on the current situation and strategic considerations, I am inclined to push rather than take. My high competence and benevolence trust (0.95 and 0.94 respectively) indicates that my opponent is...",0,0,0.95,0.944,0.688,0.492,1.0,1.0,0.7819999999999999,0.568,2,2,False,False,False
28,6,2,128,32,take,"Based on the strategic considerations provided, it seems that cooperating with the opponent by pushing the piles has been beneficial so far in rounds 2 and 4. However, this time the ratio of the piles...",32,128,1.0,0.30000000000000004,0.46919999999999995,0.45799999999999996,1.0,1.0,0.7819999999999999,0.568,2,2,False,False,True
29,1,1,4,1,push,"Based on the strategic considerations provided, it seems that cooperation is beneficial at this stage considering the high trust levels in all four dimensions. The opportunity for exponential growth t...",0,0,0.5,0.5,0.5,0.5,0.725,0.722,0.594,0.496,1,2,False,False,False
29,2,2,8,2,push,"Based on the current situation and the strategic considerations, cooperating by pushing seems to be the optimal choice in this round. Given that the piles are relatively small compared to later rounds...",0,0,0.725,0.722,0.594,0.496,0.725,0.722,0.594,0.496,2,2,False,False,False
29,3,1,16,4,take,"Based on the strategic considerations provided, I would advise taking the large pile in this round. Although early cooperation often leads to larger payoffs, in our current scenario, the piles are alr...",16,4,0.725,0.722,0.594,0.496,0.9199999999999999,0.24420000000000003,0.41279999999999994,0.492,2,2,False,False,True
30,1,1,4,1,push,"Based on the strategic considerations provided, in this round, it seems advantageous to cooperate by choosing to 'Push'. By doubling the piles, we open up opportunities for exponential growth in the f...",0,0,0.5,0.5,0.5,0.5,0.725,0.722,0.594,0.496,1,1,False,False,False
30,2,2,8,2,take,"Based on the strategic considerations, my current trust levels suggest that cooperation could be beneficial for both players. However, taking into account the low Predictability Trust (0.50), it is cr...",2,8,0.695,0.1776,0.3564,0.496,0.725,0.722,0.594,0.496,2,1,False,False,True
